{"cameraMode":{"drawMode":0,"name":"Shaded","section":"Shading Mode"},"sceneLighting":true,"audioPlay":false,"sceneViewState":{"showFog":true,"showMaterialUpdate":false,"showSkybox":true,"showFlares":true,"showImageEffects":true,"showParticleSystems":true},"in2DMode":false,"pivot":{"x":-0.2031944990158081,"y":0.5207624435424805,"z":0.2813541889190674},"rotation":{"x":-0.12415840476751328,"y":0.8679938316345215,"z":-0.27165353298187258,"w":-0.39671459794044497},"size":3.230525255203247,"orthographic":false}